Id,Name,AccountNumber,DateOfBirth,CreatedAt
e56b4a49-e93f-417f-a13e-dd633f6a04d3,Jose Pinnigar,7835829055,7/25/1987,6/8/2022
50acbc34-e7aa-4159-ad74-cf620483818d,Duffy St. Ledger,8439250637,11/1/1985,5/30/2022
cd36db50-c62d-4d39-8c07-2542fc3286a7,Rufe Tweddle,9800913325,5/18/1982,1/6/2023
2436f45f-4131-43b2-a2d7-d34a9165819d,Athene Jeandin,9308385703,2/16/1979,4/14/2023
58fed9fa-c6de-4112-a05d-cd721ed43d88,Eve Kiledal,6508646592,8/28/1988,4/2/2023
4ffdc49b-e291-4848-9118-b979f8264421,Stacie McComb,3951937382,7/7/1986,7/9/2022
d02c7c77-0f72-4437-936c-d5e4f0ac7e6b,Lira Perocci,1754441305,4/5/1983,11/18/2022
0a8d823f-9604-469a-8fcb-fd14efc55f5a,Cull Rossoni,9446952432,6/19/1989,4/3/2023
8c3e9ca9-6912-44e7-b0e2-9c0da760487c,Barnabe Prozescky,7568822603,3/9/1977,1/6/2023
8efb1d9a-525d-4850-9c02-e2e9634e1067,Griff Pancoast,8671960332,6/24/1983,3/9/2023
